{"cameraMode":{"drawMode":0,"name":"Shaded","section":"Shading Mode"},"sceneLighting":true,"audioPlay":false,"sceneViewState":{"showFog":true,"showMaterialUpdate":false,"showSkybox":true,"showFlares":true,"showImageEffects":true,"showParticleSystems":true},"in2DMode":false,"pivot":{"x":2.1093316078186037,"y":-143.3003387451172,"z":205.11465454101563},"rotation":{"x":-0.3029530346393585,"y":-0.012293938547372818,"z":0.003910813480615616,"w":-0.9529408812522888},"size":259.0241394042969,"orthographic":false}