{"cameraMode":{"drawMode":0,"name":"Shaded","section":"Shading Mode"},"sceneLighting":true,"audioPlay":false,"sceneViewState":{"showFog":true,"showMaterialUpdate":false,"showSkybox":true,"showFlares":true,"showImageEffects":true,"showParticleSystems":true},"in2DMode":false,"pivot":{"x":0.447765976190567,"y":-112.046875,"z":272.7704162597656},"rotation":{"x":-0.20436038076877595,"y":-0.006755634676665068,"z":0.0014061530819162727,"w":-0.9788991808891296},"size":309.39337158203127,"orthographic":false}