{"cameraMode":{"drawMode":0,"name":"Shaded","section":"Shading Mode"},"sceneLighting":true,"audioPlay":false,"sceneViewState":{"showFog":true,"showMaterialUpdate":false,"showSkybox":true,"showFlares":true,"showImageEffects":true,"showParticleSystems":true},"in2DMode":false,"pivot":{"x":1.8521862030029297,"y":39.11963653564453,"z":231.8316650390625},"rotation":{"x":0.0671357661485672,"y":-0.01287147682160139,"z":-0.0008786867838352919,"w":-0.9976800084114075},"size":248.51866149902345,"orthographic":false}